id,titulo,autores,anio,idioma,doi,landing_page,pdf_url,local_pdf_path,source_type,source_quality,publication_type,metodo_principal,metodo_secundario,tipo_de_sensor,adquisicion,tipo_de_fuente,geometria_del_arreglo,tipo_de_sitio,contexto_geografico,objetivo_del_estudio,profundidad_investigada,procesamiento_usado,inversion_usada,variables_estimadas,limitaciones_reportadas,conclusiones_clave,utilidad_para_tesis,relevancia_para_tesis,economicidad_y_factibilidad,observaciones,estado_descarga,estado_duplicado,categoria
001,"Multichannel analysis of surface waves","Park CB; Miller RD; Xia J",1999,en,10.1190/1.1444590,https://library.seg.org/doi/10.1190/1.1444590,https://www.kgs.ku.edu/software/surfseis/Publications/ParkEtAl1999.pdf,research/papers/pdf/Park1999_MASW.pdf,journal_article,alta,peer-reviewed,MASW,f-k analysis,geófonos verticales,activa impulsiva,martillo / fuente impulsiva,lineal multicanal,campo (múltiples sitios),Kansas USA,Presentar MASW como método robusto y eficiente para obtener perfil Vs desde análisis multicanal de ondas superficiales,~30 m (depende de arreglo),f-k spectral analysis; picking de máximos; curva de dispersión experimental,inversión 1D iterativa (modo fundamental); forward problem por matrix propagation,Vs(z) perfil de velocidad de corte por capas,"Asume modo fundamental dominante (puede fallar en perfiles inversamente dispersivos); resolución decrece en profundidad; offset mínimo no sistematizado en este paper","MASW es significativamente más eficiente que SASW: arreglo lineal multicanal con análisis f-k permite obtener curva de dispersión robusta en una sola adquisición; tasa de producción de campo muy superior a SASW; el análisis f-k separa modos y reduce ruido coherente","Paper fundacional del método MASW — lectura obligatoria. Define el flujo de trabajo estándar (adquisición → f-k → inversión) que se usa hasta hoy. Útil para justificar el método elegido en la tesis.",alta,alta,"Geófonos estándar (4.5 Hz); sismógrafo 24 canales; martillo de sledge — todo equipamiento de bajo a moderado costo. Factible en contexto académico con recursos básicos.",Paper KGS de acceso libre. Primer paper canónico del MASW. Citado >3000 veces. Contexto: Kansas Geological Survey.,descargado,original,core
002,"Estimation of near-surface shear-wave velocity by inversion of Rayleigh waves","Xia J; Miller RD; Park CB",1999,en,10.1190/1.1444578,https://pubs.geoscienceworld.org/geophysics/article/64/3/691/73487/,https://www.kgs.ku.edu/software/surfseis/Publications/XiaEtAl1999.pdf,research/papers/pdf/Xia1999_MASW_inversion.pdf,journal_article,alta,peer-reviewed,MASW inversión,Rayleigh wave inversion,geófonos verticales,activa impulsiva,martillo / fuente impulsiva,lineal multicanal,campo + sintético,Kansas USA,"Presentar algoritmo de inversión iterativa para obtener Vs(z) desde la curva de dispersión experimental de ondas de Rayleigh; companion paper de Park et al. 1999",~30 m,"Curva de dispersión experimental desde f-k (referencia a Park 1999); datos sintéticos para validación","Inversión iterativa 1D con Jacobiano (derivadas parciales de velocidad de fase respecto a Vs por capa); método del gradiente conjugado; modelo inicial empírico Vs ~ 0.9 VR",Vs(z) perfil por capas,"Sensible al modelo inicial; puede converger a mínimo local; supone estratificación horizontal; Vp y densidad fijados a priori (introduce sesgo si son incorrectos)","La inversión de ondas de Rayleigh es un problema no lineal que puede linealizarse iterativamente; el Jacobiano puede calcularse eficientemente; la convergencia es rápida (típicamente <10 iteraciones); Vs estimado concuerda bien con borehole en sitios de prueba","Define el algoritmo de inversión estándar implementado en SurfSeis y usado como referencia en casi todos los papers de MASW posteriores. Las ecuaciones del Jacobiano son la base de la mayoría de implementaciones de inversión local. Lectura obligatoria.",alta,alta,"Mismo equipamiento que Park 1999. La inversión es computacionalmente ligera. Factible en cualquier contexto con PC básico.",Paper companion a 001 (Park 1999). Mismo grupo KGS. Mismos sitios de campo. Presenta el algoritmo de inversión que implementa SurfSeis. Citado >2000 veces. KGS open access.,descargado,original,core
003,"In situ shear wave velocities from spectral analysis of surface waves","Nazarian S; Stokoe KH",1984,en,(sin DOI),https://search.worldcat.org/title/84257107,(sin URL directa),(sin PDF local),conference_proceedings,alta,peer-reviewed,SASW,análisis espectral de ondas superficiales,geófonos verticales,activa impulsiva,martillo / fuente impulsiva,dos receptores (configuración SASW),campo,USA,"Presentar el método SASW para medición in situ de velocidades de onda de corte usando análisis espectral de ondas superficiales",variable (función de longitud de onda y separación entre receptores),"Análisis espectral cruzado (cross-power spectrum); función de coherencia; curva de velocidad de fase vs. frecuencia","Inversión iterativa de curva de dispersión de Rayleigh; forward modeling con perfil en capas",Vs(z) perfil de velocidad de corte,"Requiere múltiples configuraciones de receptores con disparos separados; proceso tedioso y lento; operador intensivo; asume modo fundamental","Paper fundacional del SASW — primer uso sistemático del análisis espectral de ondas superficiales para obtención de curvas de dispersión in situ. Demostró viabilidad del método para caracterización geotécnica. Antecedente directo del MASW (Park 1999) que supera sus limitaciones operativas.","Referencia histórica obligatoria para contextualizar MASW como mejora operativa sobre SASW. Permite al lector de la tesis entender la motivación del desarrollo MASW. No se usa directamente en el diseño experimental.",alta,media,"Mismo hardware básico que MASW (geófonos + sismógrafo + fuente). Menor factibilidad operativa: requiere múltiples repeticiones. MASW supera estas limitaciones — argumento clave para elegir MASW.","Paper fundacional SASW (1984). Sin DOI — proceedings preDigital. PDF no disponible en acceso libre. Metadatos verificados via WorldCat (OCLC 11037839) y múltiples listas de referencias en literatura. Proc. 8th WCEE Vol. III pp.31-38. Ver también Nazarian et al. 1983 (TRR 930) — precursor con PDF libre: https://onlinepubs.trb.org/Onlinepubs/trr/1983/930/930-006.pdf",no_disponible,original,core
004,"Faster, Better: Shear-Wave Velocity to 100 Meters Depth from Refraction Microtremor Arrays","Louie JN",2001,en,10.1785/0120000098,https://pubs.geoscienceworld.org/bssa/article/91/2/347-364/340756,http://www.ce.memphis.edu/7137/PDFs/ReMi/1.%20refr.html,(sin PDF local),journal_article,alta,peer-reviewed,ReMi (Refraction Microtremor),análisis f-k pasivo; ondas de Rayleigh,geófonos (arrays de refracción sísmica estándar),pasiva (microtremores ambientales),ruido sísmico ambiental (sin fuente activa),lineal (arrays de refracción estándar),campo (múltiples sitios),California y Nevada USA,"Presentar método ReMi como alternativa pasiva y económica para obtener Vs hasta 100 m desde microtremores ambientales usando arrays de geófonos de refracción sísmica estándar",hasta 100 m,"Análisis slowness-frequency (p-f) de microtremores; transformada de Radon; picking de curva de dispersión en dominio p-f","Inversión 1D de curva de dispersión de Rayleigh (compatible con SurfSeis)",Vs(z) perfil de velocidad de corte; Vs30,"Requiere ruido ambiental con suficiente energía en banda de frecuencias de interés; el análisis p-f puede ser más complejo de interpretar que f-k activo; menor control sobre la fuente de energía","ReMi permite obtener Vs hasta 100 m con arrays de refracción sísmica estándar sin fuente activa; validado contra borehole y SCPT; tiempo de adquisición muy corto; compatible con equipamiento de geófonos económico estándar","Método pasivo complementario al MASW activo. Muy relevante para sitios con restricciones de uso de fuente activa. Mismo equipamiento básico que MASW. Útil para comparación y validación cruzada en la tesis.",alta,alta,"Muy alta factibilidad económica — no requiere fuente activa; mismo equipamiento geófonos + sismógrafo que MASW; tiempo de adquisición mínimo. Ideal para contextos con restricciones presupuestarias o de acceso.","DOI verificado via CrossRef (10.1785/0120000098). BSSA Vol.91 No.2 pp.347-364. 515 citas CrossRef. PDF no disponible directamente — BSSA paywalled. HTML completo accesible en mirror U. Memphis. ResearchGate tiene PDF pero requiere login. Citado >1000 veces en literatura.",no_disponible,original,core
005,"Space and Time Spectra of Stationary Stochastic Waves, with Special Reference to Microtremors","Aki K",1957,en,10.15083/0000033938,https://repository.dl.itc.u-tokyo.ac.jp/records/33938,https://repository.dl.itc.u-tokyo.ac.jp/record/33938/files/ji0353001.pdf,research/papers/pdf/Aki1957_SPAC.pdf,journal_article,alta,peer-reviewed,SPAC (Spatial Autocorrelation),análisis espectral de ruido ambiental; ondas de Rayleigh,sismómetros / geófonos (arreglo circular o lineal),pasiva (microtremores ambientales),ruido sísmico ambiental,arreglo circular (formulación original) / adaptable a lineal,campo (Japón),Japón 1957,"Desarrollar el marco teórico y experimental para el análisis espectral espacio-temporal de ondas estocásticas estacionarias; aplicación a microtremores para obtener curvas de dispersión de Rayleigh",variable (función de longitud de onda y geometría del arreglo),"Autocorrelación espacial de microtremores; función de coherencia espacial; relación ρ(r,ω) = J0(ω·r/c) para obtener velocidad de fase c desde función de Bessel","Inversión de curva de dispersión de ondas de Rayleigh para obtener Vs(z) (no desarrollada en este paper — la inversión es posterior)",Velocidad de fase de ondas de Rayleigh vs. frecuencia; Vs(z) indirectamente,"Requiere geometría de arreglo específica para muestrear correctamente la función de coherencia espacial; supone campo ondas planas y isotropía del ruido; sensible a condiciones de isototropía del campo de ruido","Establece la base teórica completa del SPAC: la autocorrelación espacial de microtremores en un arreglo circular está relacionada con la función de Bessel J0(ωr/c), permitiendo extraer la velocidad de fase de ondas de Rayleigh sin fuente activa. Paper fundacional — toda la familia de métodos SPAC/ESAC/MSPAC deriva directamente de este trabajo.","Paper fundacional de todos los métodos basados en autocorrelación espacial (SPAC, ESAC, MSPAC). Comprenderlo es esencial para la revisión del estado del arte y para justificar la comparación con MASW/ReMi. Base teórica de un método pasivo económico alternativo.",alta,alta,"Alta — mismo tipo de sensor que MASW/ReMi. La geometría de arreglo circular puede ser adaptada a arreglos con geófonos estándar. No requiere fuente activa.","DOI JaLC: 10.15083/0000033938. PDF descargado desde repositorio institucional UTokyo (2.2 MB, acceso libre). CiNii ID: 1573950399959666816. Paper de 1957 — sin CrossRef DOI. Paper fundacional del SPAC — citado en casi toda la literatura de métodos pasivos de ondas superficiales.",descargado,original,core
006,"Guidelines for the good practice of surface wave analysis: a product of the InterPACIFIC project","Foti S; Hollender F; Garofalo F; Albarello D; Asten M; Bard PY; Comina C; Cornou C; Cox B; Di Giulio G; Forbriger T; Hayashi K; Lunedei E; Martin A; Mercerat D; Ohrnberger M; Poggi V; Renalier F; Sicilia D; Socco V",2018,en,10.1007/s10518-017-0206-7,https://link.springer.com/article/10.1007/s10518-017-0206-7,https://hal.science/hal-01693204v1/file/10.1007%252Fs10518-017-0206-7.pdf,research/papers/pdf/Foti2018_InterPACIFIC_guidelines.pdf,journal_article,alta,peer-reviewed,"múltiples métodos de ondas superficiales (MASW; SPAC; ReMi; f-k)","análisis de ruido ambiental; inversión de ondas de Rayleigh y Love","geófonos / acelerómetros / velocímetros","activa y pasiva","activa impulsiva + ruido ambiental","múltiples geometrías (lineal; circular; 2D)","campo (múltiples sitios)","Europa / USA / Japón — Proyecto InterPACIFIC","Establecer guías de buenas prácticas para el análisis de ondas superficiales: adquisición, procesamiento e inversión. Basado en ejercicio comparativo del proyecto InterPACIFIC (14 laboratorios).","5–50 m (sitios de referencia)","Múltiples técnicas: f-k, SPAC, ESAC, beamforming, ReMi; análisis de curvas de dispersión y elipticidad (H/V)","Inversión local (LSM) y global (Monte Carlo, SA); joint inversion; análisis de incertidumbre","Vs(z) perfil de velocidad de corte; Vs30; incertidumbre en inversión","La incertidumbre está dominada por decisiones del operador (picking, parametrización) más que por ruido instrumental; la no-unicidad de la inversión 1D es una limitación inherente; diferencias entre laboratorios evidencian subjetividad del análisis","Las guías muestran que comparar métodos activos y pasivos mejora la confianza en los resultados. Recomiendan múltiples inversiones y análisis de sensibilidad. La validación cruzada entre métodos es la práctica más robusta.","Referencia metodológica clave para la tesis: justifica el protocolo de adquisición, procesamiento e inversión. Provee criterios de calidad aplicables al diseño experimental. Esencial para la sección de metodología.",alta,alta,"Alta — las guías aplican a cualquier equipamiento desde básico hasta avanzado. Los principios son independientes del costo del equipo.","Open access CC BY 4.0. DOI: 10.1007/s10518-017-0206-7. Springer BEE Vol.16 No.6 pp.2367-2420. PDF descargado desde HAL (8.6 MB). 405 citas CrossRef. 14 laboratorios participantes.",descargado,original,core
007,"InterPACIFIC project: Comparison of invasive and non-invasive methods for seismic site characterization. Part I: Intra-comparison of surface wave methods","Garofalo F; Foti S; Hollender F; Bard PY; Cornou C; Cox BR; Ohrnberger M; Sicilia D; Asten M; Di Giulio G; Forbriger T; Guillier B; Hayashi K; Martin A; Matsushima S; Mercerat D; Poggi V; Yamanaka H",2016,en,10.1016/j.soildyn.2015.12.010,https://www.sciencedirect.com/science/article/pii/S026772611500319X,(sin URL libre),(sin PDF local),journal_article,alta,peer-reviewed,"múltiples métodos de ondas superficiales (MASW; SPAC; ESAC; ReMi; f-k beamforming)","comparación inter-laboratorios; análisis de incertidumbre","geófonos / acelerómetros / velocímetros","activa y pasiva","activa impulsiva + ruido ambiental","múltiples geometrías","campo (sitios de referencia con borehole)","Europa (Italia, Francia, Suiza) — Proyecto InterPACIFIC","Comparar el desempeño de distintos métodos de ondas superficiales entre sí en los mismos sitios de referencia con borehole disponible","30–100 m (sitios de referencia)","f-k, SPAC, ESAC, MSPAC, beamforming, ReMi; picking de curvas de dispersión en múltiples laboratorios","Inversión 1D local y global; comparación entre resultados de 14 laboratorios","Vs(z) perfil; Vs30; variabilidad inter-laboratorio en curvas de dispersión e inversión","Variabilidad inter-laboratorio significativa en inversión; resultados dependen de decisiones del operador; mayor dispersión en inversión que en procesamiento","Los métodos de ondas superficiales convergen bien cuando se aplican correctamente. La variabilidad en inversiones revela impacto significativo del operador. MASW activo y métodos pasivos dan resultados comparables en sitios simples.","Permite fundamentar la comparabilidad entre métodos y cuantificar fuentes de incertidumbre. Justifica por qué validar con borehole cuando sea posible. Companion de Foti 2018.",alta,alta,"Media para el ejercicio (requirió 14 laboratorios); las conclusiones son aplicables a cualquier configuración de bajo presupuesto.","DOI: 10.1016/j.soildyn.2015.12.010. Elsevier SDEE Vol.82 pp.222-240. 180 citas CrossRef. PDF no disponible — Elsevier closed (Unpaywall confirma). Ver también Part II: DOI 10.1016/j.soildyn.2015.12.009 (comparación superficie vs. borehole; 138 citas; green OA en OSTI sin PDF directo). Companion de 006 (Foti 2018).",no_disponible,original,core
008,"Surface-wave method for near-surface characterization: a tutorial","Socco LV; Strobbia C",2004,en,10.3997/1873-0604.2004015,https://www.earthdoc.org/content/journals/10.3997/1873-0604.2004015,(sin URL libre),(sin PDF local),journal_article,alta,peer-reviewed,"métodos de ondas superficiales (MASW; SASW; SPAC) — tutorial","análisis de dispersión de ondas superficiales; inversión 1D","geófonos / velocímetros","activa y pasiva","activa impulsiva + ruido ambiental","múltiples (lineal; circular)","sintético + campo","Internacional (tutorial)","Proveer guía completa sobre el método de ondas superficiales para caracterización del subsuelo: adquisición, procesamiento e inversión — cubriendo aspectos teóricos y prácticos",variable (función de arreglo y método),"f-k, SPAC, análisis espectral de ondas superficiales; picking de curva de dispersión; función de coherencia","Inversión 1D local y global; análisis de sensibilidad del modelo; parametrización por capas","Vs(z) perfil de velocidad de corte","Asunción de estratificación horizontal 1D; no-unicidad de la inversión; dependencia del modelo inicial; dificultades con perfiles inversamente dispersivos","Tutorial sistemático del estado del arte de métodos de ondas superficiales (2004). Cubre diseño de arreglo, efectos near-field/far-field, procesamiento e inversión con criterio práctico. Referencia fundamental para entender el marco conceptual completo del método.","Tutorial de referencia para metodología completa. Citable para justificar decisiones de diseño experimental y procesamiento. Complementa y precede a Foti 2018.",alta,alta,"Alta — las guías son metodológicas e independientes del costo del equipamiento. Aplicable a cualquier contexto de campo.","DOI corregido: 10.3997/1873-0604.2004015 (DOI original suministrado era incorrecto). Near Surface Geophysics Vol.2 No.4 pp.165-185. 306 citas CrossRef. PDF no disponible — EAGE paywalled. IRIS Polito requiere login institucional. ResearchGate requiere login. Autoras: L.V. Socco y C. Strobbia, Politecnico di Torino.",no_disponible,original,core
009,"Comparing shear-wave velocity profiles inverted from multichannel surface wave with borehole measurements","Xia J; Miller RD; Park CB; Hunter JA; Harris JB; Ivanov J",2002,en,10.1016/S0267-7261(02)00008-8,https://linkinghub.elsevier.com/retrieve/pii/S0267726102000088,(sin URL libre),(sin PDF local),journal_article,alta,peer-reviewed,MASW (validación contra borehole),Rayleigh wave inversion; comparación con medición invasiva,geófonos verticales,activa impulsiva,martillo / fuente impulsiva,lineal multicanal,campo (múltiples sitios),Kansas y Canadá — sitios KGS,"Validar sistemáticamente la precisión de perfiles Vs(z) obtenidos por MASW comparando contra mediciones independientes de borehole","~30 m (depende de arreglo y sitio)","f-k spectral analysis; picking de curva de dispersión experimental (metodología Park 1999 / Xia 1999)","Inversión iterativa 1D con Jacobiano (metodología Xia 1999)","Vs(z) perfil de velocidad de corte; error relativo vs. borehole (009,"Comparing shear-wave velocity profiles inverted from multichannel surface wave with borehole measurements","Xia J; Miller RD; Park CB; Hunter JA; Harris JB; Ivanov J",2002,en,10.1016/S0267-7261(02)00008-8,https://linkinghub.elsevier.com/retrieve/pii/S0267726102000088,(sin URL libre),(sin PDF local),journal_article,alta,peer-reviewed,MASW (validación contra borehole),Rayleigh wave inversion; comparación con medición invasiva,geófonos verticales,activa impulsiva,martillo / fuente impulsiva,lineal multicanal,campo (múltiples sitios),Kansas y Canadá — sitios KGS,"Validar sistemáticamente la precisión de perfiles Vs obtenidos por MASW comparando contra mediciones independientes de borehole","~30 m (depende de arreglo)","f-k spectral analysis; picking de curva de dispersión (metodología Park 1999 / Xia 1999)","Inversión iterativa 1D con Jacobiano (metodología Xia 1999)","Vs(z) perfil de velocidad de corte; error relativo vs. borehole","Limitado a sitios con borehole disponible para comparación; asume estratificación horizontal 1D; resolución decrece con profundidad","Los perfiles Vs de MASW concuerdan bien con borehole: errores típicos menor al 15% en la mayoría de las capas. La concordancia empeora con la profundidad. MASW es viable como alternativa no-invasiva.","Validación directa del método: citable para justificar que MASW produce resultados confiables sin borehole. Argumento clave para la tesis.",alta,alta,"Mismo equipamiento económico de los papers 001 y 002 (geófonos 4.5 Hz; sismógrafo 24 canales; martillo). La validación demuestra confiabilidad sin requerir perforación.","DOI: 10.1016/S0267-7261(02)00008-8. Soil Dynamics and Earthquake Engineering Vol.22 No.3 pp.181-190. 223 citas CrossRef. PDF no disponible — Elsevier paywalled. Mismo grupo KGS (Xia + Miller + Park). Compañero de papers 001 y 002.",no_disponible,original,core
010,"Multichannel analysis of surface waves (MASW)—active and passive methods","Park CB; Miller RD; Xia J; Ivanov J",2007,en,10.1190/1.2431832,https://library.seg.org/doi/10.1190/1.2431832,https://www.kgs.ku.edu/software/surfseis/Publications/ParkEtAl2007.pdf,research/papers/pdf/Park2007_MASW_active_passive.pdf,journal_article,alta,peer-reviewed,MASW activo y pasivo,análisis f-k activo; análisis p-f pasivo; ondas de Rayleigh,geófonos verticales estándar,activa impulsiva + pasiva (ruido ambiental),martillo (activo) + ruido ambiental (pasivo),lineal multicanal,campo (múltiples sitios),Kansas USA y otros — KGS,"Revisar y comparar los métodos MASW activo y pasivo: diferencias en adquisición, procesamiento y profundidad de investigación; mostrar que el mismo equipamiento sirve para ambos modos","activo: ~30 m; pasivo: ~100+ m (depende de frecuencias de ruido)","f-k (activo); p-f o f-k pasivo (ruido ambiental); picking de curva de dispersión en ambos dominios","Inversión 1D iterativa (modo fundamental); compatible con SurfSeis","Vs(z) perfil de velocidad de corte; Vs30","Modo pasivo depende de calidad y fuentes del ruido ambiental; modo activo limitado en profundidad por longitud de onda máxima generada por fuente impulsiva; aliasing espacial en arreglos cortos","MASW activo y pasivo pueden combinarse en el mismo arreglo: activo para alta resolución superficial, pasivo para mayor profundidad. El mismo equipamiento (geófonos + sismógrafo) sirve para ambos modos. La combinación activo+pasivo maximiza la información con mínimo costo adicional.","Review práctico del KGS group. Define claramente las diferencias entre modos activo y pasivo. Directamente aplicable al diseño experimental de la tesis: justifica usar ambos modos con el mismo equipamiento básico.",alta,alta,"Muy alta — mismo equipamiento geófonos + sismógrafo para ambos modos. Sin costo adicional de hardware para agregar medición pasiva a la campaña activa.","DOI: 10.1190/1.2431832. The Leading Edge Vol.26 No.1 pp.60-64. 258 citas CrossRef. PDF KGS open access (643 KB). Mismo grupo KGS: Park + Miller + Xia + Ivanov. Review conciso (5 páginas) de uso práctico.",descargado,original,core
011,"Increasing horizontal resolution of geophysical models by generalized inversion","Xia J; Miller RD; Chen C; Ivanov J",2004,en,10.1190/1.1845123,https://library.seg.org/doi/10.1190/1.1845123,https://www.kgs.ku.edu/software/surfseis/Publications/XiaEtAl2004_1.1845123v2.pdf,research/papers/pdf/Xia2004_MASW_horizontal_resolution.pdf,conference_abstract,alta,proceedings,MASW (inversión 2D para aumentar resolución horizontal),inversión generalizada; análisis de Rayleigh waves,geófonos verticales,activa impulsiva,martillo / fuente impulsiva,lineal multicanal,sintético + campo,Kansas USA — KGS,"Mejorar la resolución horizontal de modelos geofísicos obtenidos por inversión de ondas superficiales mediante inversión generalizada (enfoque 2D multi-shot)","~30 m","f-k spectral analysis; picking de curva de dispersión experimental","Inversión generalizada 2D lateralmente consistente (derivada de metodología Xia 1999); stacking de múltiples disparos","Vs(z;x) — perfil 2D lateral de velocidad de corte; resolución horizontal del modelo de subsuperficie","Abstract corto — sin validación sistemática vs. borehole; mayor complejidad computacional que inversión 1D estándar; requiere mayor densidad de disparos para resolución óptima","La inversión generalizada mejora la resolución horizontal del modelo de Vs en subsuperficie sin cambiar el equipamiento de adquisición. El mismo arreglo MASW estándar produce datos suficientes para inversión 2D más detallada que la estándar 1D.","Referencia para discutir extensiones metodológicas del MASW. Muestra que el equipamiento básico permite avanzar hacia caracterización 2D si se mejora el algoritmo de inversión. Útil en sección de perspectivas.",media,alta,"Alta en hardware (mismo geófonos + sismógrafo estándar); mayor complejidad computacional y mayor densidad de disparos requerida. La inversión 2D es posible sin inversión en nuevo equipo.","DOI: 10.1190/1.1845123. SEG Technical Program Expanded Abstracts 2004 pp.1437-1440. PDF KGS open access (272 KB). Abstract de 4 páginas. Mismo grupo KGS: Xia + Miller + Chen + Ivanov. Nota: este DOI apunta al abstract SEG 2004; el archivo KGS fue catalogado con su DOI original.",descargado,original,peripheral
012,"Multichannel Analysis of Surface Waves (MASW) to Estimate the Shear Wave Velocity for Engineering Characterization of Soils at Hawassa Town, Southern Ethiopia","Ayele A; Woldearegay K; Meten M",2022,en,10.1155/2022/7588306,https://onlinelibrary.wiley.com/doi/10.1155/2022/7588306,https://downloads.hindawi.com/journals/ijge/2022/7588306.pdf,(Cloudflare — sin descarga local; PDF libre CC BY 4.0),journal_article,alta,peer-reviewed,MASW activo (estimación de Vs30 para clasificación sísmica de sitio),"VES (Vertical Electrical Sounding); SPT — joint characterization","geófonos verticales estándar","activa impulsiva","martillo / fuente impulsiva","lineal multicanal","campo (múltiples perfiles en zona urbana)","Hawassa Town — Etiopía del Sur (África — contexto de país en desarrollo)","Determinar Vs30 para caracterización geotécnica de suelos en zona urbana de Hawassa para diseño de ingeniería civil. Clasificar el sitio según normativas sísmicas (NEHRP/ASCE 7).","~30 m (Vs30)","Análisis multicanal de ondas superficiales; picking de curva de dispersión; análisis f-k estándar (metodología Park 1999)","Inversión 1D de curvas de dispersión para obtener Vs(z); cálculo de Vs30 integrado",Vs30 (248.9–371.3 m/s); clasificación sísmica de sitio (clase C y D); perfil Vs(z),"Estudio de campo sin validación directa vs. borehole profundo; asume estratificación horizontal 1D; especificaciones de instrumentación no detalladas en abstract — ver paper completo","MASW es aplicable y efectivo en contexto de país en desarrollo (Etiopía). Vs30 obtenidos clasifican sitios como C y D. Zonas de baja velocidad superficial requieren consideración especial en diseño de fundaciones. El método joint MASW+VES+SPT es reproducible con equipamiento estándar y presupuesto limitado.","Caso de aplicación directamente análogo al contexto Paraguay: campo en país en desarrollo, MASW activo con equipamiento estándar, objetivo Vs30 y clasificación sísmica. Justifica la viabilidad del enfoque de la tesis en contextos de recursos limitados.",alta,alta,"Muy alta — equipamiento estándar de MASW activo (geófonos + seismógrafo + martillo) usado en contexto de recursos limitados en Etiopía. Completamente replicable en Paraguay con el mismo setup básico.","DOI: 10.1155/2022/7588306. International Journal of Geophysics 2022, art. 7588306. Hindawi/Wiley. Gold OA CC BY 4.0 (CrossRef + Semantic Scholar confirmados). PDF URL libre pero protegida por Cloudflare (no descargable automáticamente). 14 citas Semantic Scholar. Authors: Mekelle University / Addis Ababa University (Etiopía).",no_descargado,original,core
013,"Open-Source MASW Inversion Tool Aimed at Shear Wave Velocity Profiling for Soil Site Explorations","Olafsdottir EA; Erlingsson S; Bessason B",2020,en,10.3390/geosciences10080322,https://www.mdpi.com/2076-3263/10/8/322,https://www.mdpi.com/2076-3263/10/8/322/pdf?version=1597666181,(MDPI bloquea descarga automática — PDF libre CC BY 4.0; acceso manual en MDPI o U. Iceland),journal_article,alta,peer-reviewed,"Inversión Monte Carlo de curvas de dispersión MASW (herramienta open-source MASWaves)","MASWaves suite (MATLAB); validación con datos sintéticos y de campo","geófonos verticales (campo); datos sintéticos","activa impulsiva","martillo / fuente impulsiva","lineal multicanal","sintético + campo (sitio geotécnico de referencia en Islandia)","Islandia (Universidad de Islandia — desarrollo del software)","Desarrollar e implementar un componente de inversión open-source para el software MASWaves basado en búsqueda Monte Carlo; determinar perfiles de Vs para exploración geotécnica.","variable (~30 m para datos de campo en ejemplo)","Análisis de curvas de dispersión de ondas Rayleigh (dominio f-k); extracción de modo fundamental y superiores","Inversión Monte Carlo global: búsqueda aleatoria eficiente sobre espacio de parámetros; ajuste de curvas de dispersión teóricas vs. observadas; compatible con inversión multimodal","Vs(z) — perfil de velocidad de corte por capas; estimación de incertidumbre vía muestreo Monte Carlo","El método Monte Carlo puede ser computacionalmente intensivo para espacios de búsqueda grandes; requiere parametrización inicial del modelo (número de capas; rangos de Vs); no aborda directamente efectos laterales (modelo 1D)","La herramienta open-source MASWaves proporciona un pipeline completo para inversión MASW: libre descarga; implementada en MATLAB; validada con datos sintéticos y de campo; permite cuantificar incertidumbre en el perfil de Vs vía muestreo Monte Carlo. El código es accesible y modificable.","Herramienta directamente utilizable en la tesis para procesamiento e inversión de datos MASW. Open source en MATLAB (compatible con el entorno de la tesis). Permite tratar la no-unicidad de la inversión. Citable como software de referencia.",alta,alta,"Muy alta — software gratuito y open-source en MATLAB. Sin costo de licencia. La versión Python (maswavespy) también disponible en PyPI/GitHub (github.com/Mazvel/maswavespy). Requiere MATLAB o Python (ambos accesibles académicamente).","DOI: 10.3390/geosciences10080322. Geosciences (MDPI) Vol.10 No.8 art.322. Gold OA CC BY 4.0 (CrossRef + DOAJ confirmados). PDF MDPI protegido contra descarga automática (acceso en https://www.mdpi.com/2076-3263/10/8/322). 14 citas Semantic Scholar. Universidad de Islandia. Companion paper: Olafsdottir et al. 2018 (CGJ DOI:10.1139/cgj-2016-0302 — processing component). Software: https://uni.hi.is/eao4/ (MATLAB) y github.com/Mazvel/maswavespy (Python).",no_descargado,original,core
014,"Geopsy: A User-Friendly Open-Source Tool Set for Ambient Vibration Processing","Wathelet M; Chatelain J-L; Cornou C; Di Giulio G; Guillier B; Ohrnberger M; Savvaidis A",2020,en,10.1785/0220190360,https://pubs.geoscienceworld.org/ssa/srl/article-abstract/91/3/1878/583456/,(sin PDF libre — HAL registrado pero sin archivo depositado; paywalled en SRL),(sin PDF local),journal_article,alta,peer-reviewed,"Procesamiento de vibraciones ambientales para caracterización de sitio (HVSR; arrays; ondas superficiales) — software open-source Geopsy","SPAC; ESAC; f-k beamforming; curvas de dispersión; HVSR; inversión de ondas superficiales","velocímetros / geófonos / acelerómetros 3C (un sensor único o arrays)","pasiva (ruido ambiental)","ruido sísmico ambiental (sin fuente activa)","estación única (HVSR) o arrays (circular; lineal; 2D)","sintético + campo (múltiples sitios de referencia)","Internacional — desarrollado en Europa (ISTerre Grenoble; proyecto UE)","Describir Geopsy como herramienta de software maduro para el procesamiento completo de vibraciones ambientales: desde datos de campo hasta figuras de publicación. Cubre HVSR; extracción de curvas de dispersión de arrays; e inversión.","variable: superficial (HVSR) hasta profunda (arrays de largo período)","HVSR (H/V spectral ratio); SPAC; ESAC; f-k beamforming; extracción de curvas de dispersión de Rayleigh y Love","Inversión de curvas de dispersión (algoritmo de vecindad — neighbourhood algorithm); análisis de incertidumbre","Vs(z) perfil de velocidad de corte; f0 de resonancia de sitio (HVSR); Vs30; curvas de dispersión de Rayleigh/Love","Requiere arrays para obtener curvas de dispersión (no aplica a estación única en ese caso); calidad del resultado depende de la calidad del ruido ambiental en el sitio; más enfocado en procesamiento pasivo que activo","Geopsy es el software estándar de referencia para procesamiento de vibraciones ambientales en caracterización de sitio. Open source (GPL v3); multiplataforma; cubre el workflow completo de campo a publicación. Complementa MASWaves en métodos pasivos. Incluyendo HVSR y SPAC para sitios sin fuente activa.","Software directamente utilizable en la tesis para procesamiento pasivo. Relevante si se combina MASW activo con métodos pasivos (ReMi; HVSR; SPAC). 343 citas — referencia obligatoria para citar software de análisis.",alta,alta,"Muy alta — completamente gratuito (GPL v3); funciona en cualquier sistema operativo; no requiere hardware especializado. Descargable desde www.geopsy.org.","DOI: 10.1785/0220190360. Seismological Research Letters 91(3):1878-1889. Paywalled — HAL registrado pero sin PDF depositado. 343 citas Semantic Scholar. Geopsy desarrollado desde 2005 en ISTerre (Grenoble) + red europea. Software disponible gratuitamente en www.geopsy.org. Compañero funcional de MASWaves (entrada 013 — más MASW activo); Geopsy más enfocado en métodos pasivos y HVSR.",no_disponible,original,core
015,"Comparison of mean shear wave velocity of the top 30 m using downhole, MASW and bender elements methods","Moffat R; Correia N; Pastén C",2016,es/en,10.4067/S0718-28132016000200001,https://www.scielo.cl/scielo.php?pid=S0718-28132016000200001&script=sci_arttext,https://www.scielo.cl/pdf/oyp/n20/art01.pdf,research/papers/pdf/Moffat2016_Vs30_MASW_downhole_Chile.pdf,journal_article,alta,peer-reviewed,"MASW activo (validación de Vs30 contra ensayo downhole)","bender elements; análisis f-k; Geopsy; inversión de curva de dispersión","12 geófonos verticales de 4.5 Hz (frecuencia estándar)","activa impulsiva","martillo / golpe","lineal multicanal (12 geófonos; 5 ensayos por sitio)","campo — estaciones sísmicas con datos de sondaje existentes","Chile central (Santiago y alrededores — sitios Maipú, Peñalolén, Casablanca, Melipilla, Llolleo)","Comparar perfiles de Vs y valores de Vs30 obtenidos por tres métodos diferentes: MASW activo, ensayo downhole, y bender elements. Validar que MASW puede reemplazar métodos invasivos para clasificación sísmica de suelos.","~30 m (objetivo: Vs30)","f-k analysis con software Geopsy; picking de curva de dispersión; 5 repeticiones por sitio","Inversión de curvas de dispersión → perfil Vs(z); cálculo de Vs30 según NCh2745","Vs30; perfil de velocidad de corte Vs(z); clasificación sísmica según NCh (norma chilena) y NEHRP","Mayor discrepancia donde existe alto contraste de impedancia entre capas (Melipilla — 2 capas con fuerte contraste); no se especifica el número de capas en inversión; bender elements mide solo en laboratorio","Los perfiles Vs de MASW y downhole son similares hasta 30 m. Con metodología adecuada MASW da la misma clasificación sísmica que downhole. Mayor diferencia en Melipilla (alto contraste de impedancia). Ejemplo: Llolleo Vs30 ~ 265 m/s (MASW) vs. 227 m/s (downhole) — diferencia ~17%; misma clasificación.","Validación directa MASW vs. downhole en Chile (Sudamérica). Especifica 12 geófonos 4.5 Hz — dato de diseño experimental para la tesis. Usa Geopsy (paper 014). Directamente citable como precedente regional y como justificación del equipamiento.",alta,alta,"Muy alta — 12 geófonos 4.5 Hz + martillo + Geopsy (libre). Configuración económica y reproducible. El mismo setup es replicable en Paraguay con material básico.","DOI: 10.4067/S0718-28132016000200001. Obras y Proyectos No.20 pp.6-15. OA CC BY-NC 4.0. PDF descargado desde SciELO Chile (3.4 MB, 10 páginas). 1 cita Semantic Scholar (esperado para revista regional). Autores: U. Adolfo Ibáñez y U. Chile (Santiago). Bilingüe español/inglés. Referencia Park et al. 1999 y Foti et al. 2014. Usa Geopsy para f-k — ver entrada 014.",descargado,original,core
016,"The empirical correlation between shear wave velocity and penetration resistance for the eolian sand deposits in the city of Olmos-Peru","Alhuay-León CG; Trejo-Noreña PC",2021,en,10.15446/dyna.v88n217.93317,https://doi.org/10.15446/dyna.v88n217.93317,https://revistas.unal.edu.co/index.php/dyna/article/download/93317/79656,research/papers/pdf/Alhuay2021_MASW_SPT_Peru.pdf,journal_article,alta,peer-reviewed,"MASW activo (correlación Vs-SPT en campo)","SPT (Standard Penetration Test); correlación empírica Vs-N60","24 geófonos verticales 4.5 Hz (Geometrics Geode 24-channel)","activa impulsiva","martillo 25 lb (11.3 kg) sobre placa metálica","lineal multicanal (24 geófonos)","campo — depósitos de arenas eólicas cuaternarias secas","Perú (Olmos, Lambayeque — costa norte peruana; zona de alta sismicidad)","Establecer correlaciones empíricas entre Vs (MASW) y N60 (SPT) para arenas eólicas del sitio Olmos; proponer método alternativo económico a SPT para estimación preliminar de Vs en exploración geotécnica.","7-12 m (según SPT); Vs30 calculado (180-360 m/s)","Phase-shift method (Park et al. 1998) para construcción de imagen de dispersión y extracción de curva de dispersión fundamental","Ajuste de curva potencial Vs=A*N^B mediante regresión lineal múltiple; modelos N-Vs y N60-Vs con y sin corrección de sobrecarga efectiva","Vs(z); Vs30; N60; clasificación sísmica NEHRP (Tipo D); correlaciones empíricas específicas para arenas eólicas","Correlación válida solo para arenas eólicas cuaternarias secas del área de Olmos; limitada extrapolación a otros tipos de suelo o condiciones; muestra representativa de un solo sitio geológicamente homogéneo; no se reporta análisis de incertidumbre en inversión MASW","MASW con 24 geófonos 4.5 Hz entrega perfiles Vs de alta calidad en arenas eólicas secas con bajo ruido externo. Correlaciones propuestas: Vs = 65.5*N60^0.33 y Vs = 21.6*N60^0.38*(σ'v)^0.24. Vs30 en rango 180-360 m/s = suelo Tipo D (NEHRP). MASW es alternativa económica viable al SPT para caracterización sísmica preliminar en depósitos similares.","Precedente sudamericano (Perú) de MASW con 24 geófonos 4.5 Hz — mismo hardware candidato para la tesis. Demuestra viabilidad en contexto de bajo presupuesto y recursos limitados. Correlación Vs-SPT útil para validación cruzada si existen perforaciones previas en el sitio de estudio.",alta,alta,"Muy alta — Geometrics Geode 24-channel + 24 geófonos 4.5 Hz + martillo de 25 lb sobre placa metálica. Configuración económica estándar, ampliamente disponible. Condiciones ideales del sitio (arenas secas sin ruido externo) facilitaron adquisición con un solo impacto.","DOI: 10.15446/dyna.v88n217.93317 (verificado CrossRef + Semantic Scholar). DYNA Vol.88 No.217 pp.247-255, 2021. Universidad Nacional de Colombia. GOLD OA CC BY-NC-ND 4.0. PDF descargado exitosamente desde UNAL (1.07 MB, 9 páginas). Geometrics 24-channel Geode Seismograph. Phase-shift processing (Park et al. 1998 [41] en la lista de referencias). 4 citas Semantic Scholar. Bilingüe español/inglés. Proyecto aplicado: Nueva Ciudad de Olmos (proyecto habitacional planificado). Único estudio MASW-SPT publicado para arenas eólicas peruanas al conocimiento de los autores.",descargado,original,core
017,"A method for dynamic characteristics estimation of subsurface using microtremor on the ground surface","Nakamura Y",1989,en,(sin DOI — reporte técnico pre-digital),https://trid.trb.org/View/294184,(sin PDF libre),(sin PDF local),technical_report,alta,technical_report,"HVSR — razón espectral H/V (técnica de Nakamura)","caracterización pasiva de sitio mediante microtremores; estimación de f0","sensor triaxial / sismógrafo 3C (estación única)","pasiva (ruido ambiental)","ruido ambiental (microtremores — sin fuente activa)","estación única (1 sensor 3-componentes)","campo (superficie libre)","Japón (Railway Technical Research Institute — RTRI)","Estimar las características dinámicas del subsuelo (frecuencia fundamental f0 y amplificación relativa) a partir del cociente espectral H/V de microtremores medidos en superficie.","variable (hasta contraste de impedancia principal — roca basal o cambio litológico)","Cálculo de espectros de Fourier componentes H y V; razón H/V; identificación del pico de resonancia fundamental","No inversión directa en el paper original; estimación empírica de f0 y factor de amplificación relativo mediante el pico del cociente H/V","f0 (frecuencia fundamental del sitio); factor de amplificación relativo H/V; estimación cualitativa de profundidad a contraste de impedancia","La interpretación física del pico H/V es debatida (no siempre corresponde directamente a amplificación real); no entrega perfil Vs sin inversión adicional; requiere condiciones de campo relativamente estacionarias; sensible a fuentes de ruido polarizadas","El cociente H/V del ruido ambiental tiene un pico claro en la frecuencia fundamental del sitio. Este pico permite estimar f0 y la amplificación relativa de manera económica con un solo sensor 3C. Método fundacional del análisis de microtremores para caracterización de sitio.","Método complementario muy económico al MASW: con un solo sensor 3C se obtiene f0 del sitio, comparable con la profundidad del contraste de impedancia del perfil Vs MASW. Combinación MASW+HVSR permite mejor resolución de modelos 1D de subsuelo.",alta,alta,"Extremadamente alta — requiere solo 1 sensor 3C + grabador básico. Sin fuente activa, sin array, sin logística compleja. El método de mayor relación costo-beneficio en caracterización de sitio. Compatible con cualquier grabador sísmico de campo.","Sin DOI (1989 technical report — pre-digital era). TRID accession 00480707. Semantic Scholar: https://www.semanticscholar.org/paper/...Nakamura/eb38ef39e815c7bdc82397197d72832768ccd546. RTRI vol.30 (1989) no está digitalizado en línea; RTRI digital archive comienza en vol.35 (1994). Miles de citas — una de las referencias más citadas en sismología de ingeniería. Introduce la 'técnica de Nakamura' (HVSR). El vault ya tiene nota conceptual en HVSR.md. Geopsy (entrada 014) implementa HVSR y cita este paper como fundacional.",no_disponible,original,core
018,"Site effect evaluation using spectral ratios with only one station","Lermo J; Chávez-García FJ",1993,en,10.1785/bssa0830051574,https://pubs.geoscienceworld.org/ssa/bssa/article-abstract/83/5/1574/119767/,(paywalled — GeoScienceWorld; sin PDF libre identificado),(sin PDF local),journal_article,alta,peer-reviewed,"HVSR — razón espectral H/V con una sola estación (validación con registros de terremoto)","evaluación de efecto de sitio; análisis de registros de S-waves; comparación con función de transferencia empírica de referencia","sismógrafo triaxial / sensor 3C (estación única)","pasiva (registros de terremotos — S-waves)","terremotos regionales (S-wave coda)","estación única (1 sensor 3-componentes)","campo — ciudades sobre suelos blandos con contraste de impedancia fuerte","México (Oaxaca; Acapulco; Ciudad de México)","Validar que la razón H/V aplicada a la fase S de registros de terremoto (no solo microtremores) puede estimar el efecto de sitio empírico sin necesidad de una estación de referencia.","variable (depende del contraste de impedancia del sitio; Ciudad de México — varias decenas de metros)","Cálculo de espectros de Fourier de registros triaxiales; razón H/V del período dominante de la onda S; comparación con función de transferencia empírica estándar (SSR - Standard Spectral Ratio)","No inversión directa; estimación empírica de f0 y amplificación relativa vía pico H/V","f0 (frecuencia fundamental); amplificación relativa H/V; curva de razón espectral H/V por bandas de frecuencia","La razón H/V tiende a subestimar la amplificación real en algunos casos; método más preciso cuando existe fuerte contraste de impedancia superficial; requiere terremotos con buena relación señal/ruido; no aplica en sitios con ruido industrial fuerte","La razón H/V del movimiento S de terremotos reproduce razonablemente bien la función de transferencia empírica del sitio. Elimina la necesidad de una estación de referencia. Validado en Oaxaca, Acapulco y Ciudad de México con resultados consistentes. Establece la validez científica de la técnica de Nakamura para evaluación de efecto de sitio.","Valida la técnica de Nakamura (paper 017) con datos reales de terremoto. Proporciona base científica para usar HVSR en sitios donde no se dispone de estación de referencia — muy relevante en contextos de recursos limitados. Referencia obligatoria junto con Nakamura 1989 para justificar uso de HVSR en la tesis.",alta,alta,"Muy alta — requiere solo 1 sensor 3C + registrador. Más aplicable en zonas sísmicamente activas donde se pueden esperar registros de terremotos. Para Paraguay (zona de sismicidad moderada) puede combinarse con microtremores (técnica Nakamura) en vez de esperar terremotos.","DOI: 10.1785/bssa0830051574 (verificado CrossRef + Semantic Scholar). BSSA Vol.83 No.5 pp.1574-1594. Paywalled — GeoScienceWorld no tiene versión OA identificada. 1103 citas (Semantic Scholar). Autores: Instituto de Ingeniería UNAM (México). Companion directo de Nakamura 1989 (paper 017) — primera validación sistemática del H/V con registros de terremoto. Paper citado en SESAME guidelines y en la mayoría de publicaciones HVSR posteriores.",no_descargado,original,core
019,"Guidelines for the Implementation of the H/V Spectral Ratio Technique on Ambient Vibrations Measurements, Processing and Interpretation","SESAME European Research Project WP12 (coord. Bard P-Y et al.)",2004,en,(sin DOI — entregable de proyecto europeo),https://sesame.geopsy.org/Papers/HV_User_Guidelines.pdf,https://sesame.geopsy.org/Papers/HV_User_Guidelines.pdf,research/papers/pdf/SESAME2004_HV_Guidelines.pdf,technical_report,alta,technical_report_guidelines,"HVSR — pautas prácticas cuantitativas para implementación de la técnica H/V en vibraciones ambientales","evaluación de efecto de sitio; microzonificación; criterios de confiabilidad y claridad de picos H/V","cualquier sensor 3C (1-componentes z + 2-componentes h); velocímetro de banda ancha preferible; mínimo 0.2 Hz","pasiva (ruido ambiental — microtremores)","ruido ambiental (sin fuente activa)","estación única (1 sensor 3C)","campo — cualquier tipo de sitio (suelos blandos principalmente)","Internacional — proyecto europeo (participantes de ~15 países)","Proveer guías técnicas prácticas y cuantitativas para implementación estandarizada del método H/V: diseño del experimento de campo, procesamiento de datos e interpretación de resultados. Unificar criterios de calidad y confiabilidad en el uso del método H/V para microzonificación sísmica.","variable (hasta contraste de impedancia principal; usualmente la frecuencia f0 permite estimar profundidad al bedrock si se conoce Vs)","Cálculo de espectros de Fourier por ventanas de tiempo seleccionadas; suavizado; cálculo del cociente H/V; promedio de múltiples ventanas; criterios estadísticos de confiabilidad: f0 > 10/lw; nc(f0) > 200; σA(f) < 2","No inversión directa; estimación de f0 e indicación de amplificación relativa. Interpretación cualitativa de tipo de pico y relación con contraste de impedancia","f0 (frecuencia fundamental del sitio); A0 (amplificación relativa en f0); σf y σA (indicadores de confiabilidad estadística); estimación de profundidad a bedrock si Vs promedio es conocido","H/V solo no es suficiente para caracterizar la complejidad del efecto de sitio ni los valores absolutos de amplificación; requiere interpretación con apoyo geológico/geotécnico; sensible a ruentes de ruido polarizadas (viento >5 m/s, maquinaria, edificios); no reemplaza métodos de referencia en sitios críticos","El método H/V es efectivo para estimar f0 en sitios con fuerte contraste de impedancia. Duración mínima de registro: 30 min para f0 < 0.2 Hz hasta 3 min para f0 > 5 Hz. Criterio de pico claro: al menos 5 de 6 condiciones cuantitativas. El método es especialmente recomendado en zonas de sismicidad baja y moderada. Combinar con MASW y otros métodos para mejor interpretación.","Guía estándar de referencia obligatoria si la tesis incluye HVSR. Provee los criterios cuantitativos de confiabilidad (f0 > 10/lw, nc > 200, σA < 2) directamente aplicables para evaluar la calidad de mediciones H/V. Recomendaciones de instrumentación específicas. Especialmente relevante para sitios de sismicidad moderada como Paraguay.",alta,alta,"Extremadamente alta — documento gratuito (descarga directa desde sesame.geopsy.org); J-SESAME software gratuito incluido; guías de campo imprimibles. Sensor 3C + grabador básico = equipo mínimo. Geopsy (paper 014) implementa exactamente las pautas de este documento.","Sin DOI (entregable proyecto EU EVG1-CT-2000-00026). Deliverable D23.12, WP12. 63 páginas. PDF descargado desde sesame.geopsy.org (1.1 MB). Miles de citas (Semantic Scholar rate-limited en verificación; la publicación es de las más citadas en sismología de ingeniería). Coordinador: P-Y Bard (ISTerre Grenoble — mismo grupo que desarrolló Geopsy, paper 014). Participantes de ~15 institutos europeos. Fecha exacta: diciembre 2004. Marc Wathelet (autor de Geopsy, paper 014) es participante de este proyecto. Cita Nakamura 1989 (paper 017) y Lermo & Chávez-García 1993 (paper 018) como fundamentos.",descargado,original,core
020,"Site characterization using geophysical and geotechnical Prospecting. Case study main road North Central Trunk (National Route 55) at Km 68+500 in the Municipality of Pamplona, North of Santander, Colombia","Moya-Gutiérrez AJ; Torres-Peña JA; Contreras-Martínez M",2020,es/en,10.15446/rbct.n48.85411,https://revistas.unal.edu.co/index.php/rbct/article/view/85411,https://dialnet.unirioja.es/descarga/articulo/7619449.pdf,research/papers/pdf/MoyaGutierrez2020_MASW_TRS_Colombia.pdf,journal_article,media,peer-reviewed,"MASW 1D y 2D (ondas Rayleigh) + Tomografía de Refracción Sísmica (TRS)","SEV (sondeo eléctrico vertical); SPT (ensayo de penetración estándar); determinación de parámetros dinámicos del suelo","24 geófonos de 14 Hz (Geometrics Geode 24-channel)","activa impulsiva","martillo de 12 lb sobre placa metálica","lineal multicanal (24 geófonos; 2 líneas de 80.5 m; espaciamiento 3.5 m)","campo — depósitos cuaternarios fluvio-lacustres sobre metamorfitas (gneis)","Colombia (Pamplona, Norte de Santander — 2322 m snm; cortado por río Pamplonita)","Caracterizar el subsuelo para ingeniería vial (Ruta Nacional 55): determinar perfil de suelo, velocidades sísmicas Vp y Vs, parámetros dinámicos, tipo de suelo y espectro de aceleración según NSR-10. Correlacionar datos geofísicos con geotécnicos (SPT).","~25-30 m (limitado por frecuencia de geófonos 14 Hz y longitud de arreglo)","SeisImager/SW y Seismic Unix (CWP) para MASW 1D y 2D; SeisImager/TRS para refracción sísmica; IPI2Win para resistividad","Inversión de curva de dispersión MASW con SeisImager/SW; perfiles 1D y 2D de Vs","Vp = 499-1714 m/s; Vs = 210-466 m/s; resistividades 6.06-581.05 Ω-m; parámetros dinámicos (ν Poisson, E Young, G módulo de corte, densidad); clasificación de perfil de suelo Tipo D (NSR-10)","Geófonos de 14 Hz limitan profundidad máxima de investigación (~20-30 m); adecuado para suelos superficiales pero no óptimo para MASW profundo (4.5 Hz sería mejor); metodología no discute incertidumbre de inversión; correlación geofísica-geotécnica cualitativa","Combinación MASW+TRS+SEV+SPT permite caracterización integral del subsuelo. Vs = 210-466 m/s, suelo Tipo D según NSR-10. Los datos geofísicos se correlacionan coherentemente con SPT. El enfoque multi-método es práctico y reproducible con equipamiento estándar (Geometrics Geode) en proyectos de ingeniería civil de bajo presupuesto.","Ejemplo de workflow multi-método en contexto colombiano similar al paraguayo (recursos limitados, suelos sedimentarios poco consolidados). Muestra que MASW + TRS + SEV + SPT se puede ejecutar con equipo básico Geometrics Geode. Proporciona parámetros dinámicos adicionales útiles para caracterización de sitio completa.",alta,media,"Alta — Geometrics Geode 24-channel + geófonos + martillo de 12 lb + software SeisImager (licencia requerida; alternativa libre: SurfSeis, MASWaves). Metodología reproducible con recursos limitados. 14 Hz geophones son más económicos que 4.5 Hz pero limitan la profundidad; para Paraguay se recomendaría 4.5 Hz para mayor profundidad.","DOI: 10.15446/rbct.n48.85411 (verificado CrossRef). Boletín de Ciencias de la Tierra No.48 pp.30-45. UNAL Colombia. OA CC BY-NC-ND 4.0. PDF descargado desde Dialnet (5.3 MB, 16 páginas). Geófonos de 14 Hz (limitación para MASW profundo). Usa SeisImager/SW [referencia 16 = manual] y Geometrics Geode [ref.15]. Pamplona, Norte de Santander, Colombia, 2322 msnm. Suelos cuaternarios fluvio-lacustres sobre Ortoneis (gneis cuarzomonzonítico). Contexto: caracterización vial para NSR-10 (norma colombiana sismoresistente).",descargado,original,core
021,"Use of Surface Waves in Statistical Correlations of Shear Wave Velocity and Penetration Resistance of Chennai Soils","Uma Maheswari R; Boominathan A; Dodagoudar GR",2010,en,10.1007/s10706-009-9285-9,https://link.springer.com/article/10.1007/s10706-009-9285-9,(paywalled — sin PDF libre),(sin PDF local),journal_article,alta,peer-reviewed,"MASW activo (correlación Vs-SPT en contexto urbano)","SPT (Standard Penetration Test); crosshole sísmico (validación); bender element (laboratorio)","24 geófonos verticales 4.5 Hz (Geometrics Geode 24-channel)","activa impulsiva","martillo 8 kg sobre placa","lineal multicanal (24 geófonos; espaciamiento 1 m; apertura 23 m; offset fuente 5-15 m)","campo — suelos urbanos variados (arcilla marina blanda y rígida; arenas fluviales sueltas; sedimentos aluviales)","India (Chennai — metrópoli costera; 30 sitios distribuidos en ~1177 km²)","Desarrollar correlaciones estadísticas Vs-N entre MASW y SPT para suelos de Chennai; mapear clasificación sísmica NEHRP y período fundamental del sitio a escala ciudad.","30 m (Vs30); suelos hasta 50 m de espesor en zona norte","Software SurfSeis; transformación f-k para extracción de curva de dispersión; análisis de modo fundamental de ondas Rayleigh","Inversión de curva de dispersión Rayleigh a perfil Vs(z); regresión power-law ortogonal Vs = A·N^B por tipo de suelo (todos, arcilla, arena)","Vs(z); Vs30; clasificación NEHRP; período fundamental T0; correlaciones Vs-N (todos los suelos: Vs = 95.64·N^0.301, r²=0.83; arcilla y arena por separado con corrección SPT energía)","Correlaciones válidas para suelos de Chennai (arcilla marina + arena fluvial litoral sur de India); extrapolación a otros contextos requiere cautela; sin análisis de incertidumbre en inversión MASW","MASW validado contra crosshole sísmico y ensayos bender element. 200 pares (Vs, N) en 30 sitios urbanos. Correlación global: Vs = 95.64·N^0.301 (r² = 0.83); comparable con Ohba & Toriumi (1970) e Imai & Tonouchi (1982). MASW detecta inversiones de velocidad. Parte significativa de Chennai en Clase D (Vs30 = 180-360 m/s). Período fundamental 0.03-0.6 s (amenaza edificaciones <6 pisos).","Protocolo completo Vs-SPT con Geometrics Geode + geófonos 4.5 Hz en ciudad de país en desarrollo. Directamente replicable para validar perfiles MASW con SPT preexistentes. Ecuación empírica Vs = f(N) útil para estimación sin MASW donde existen datos SPT. Mapeo NEHRP ciudad completa como objetivo alcanzable.",alta,alta,"Alta — Geometrics Geode 24-channel + 24 geófonos 4.5 Hz + martillo 8 kg. Configuración idéntica a paper 016 (Alhuay 2021). Espaciamiento 1 m = arreglo compacto apto para entorno urbano. SurfSeis (comercial; Geopsy/SurfSeis alternativa libre).","DOI: 10.1007/s10706-009-9285-9 (verificado CrossRef). Geotechnical and Geological Engineering Vol.28 No.2 pp.119-137. NOTA: DOI 10.1007/s10706-010-9334-4 = discusión publicada por Gulerce, NO el paper original. Springer paywalled, sin OA (Unpaywall confirmed). Conference paper precursor: WCEE 2008 (PDF libre en IITK). 30 sitios urbanos, 200 pares Vs-N. Validado por crosshole + bender element. Mapa NEHRP ciudad completa. Referenciado en Alhuay 2021 (paper 016).",no_descargado,original,core
022,"Tool for analysis of multichannel analysis of surface waves (MASW) field data and evaluation of shear wave velocity profiles of soils","Ólafsdóttir EÁ; Erlingsson S; Bessason B",2018,en,10.1139/cgj-2016-0302,https://cdnsciencepub.com/doi/10.1139/cgj-2016-0302,https://opinvisindi.is/bitstream/20.500.11815/755/1/cgj-2016-0302.pdf,research/papers/pdf/Olafsdottir2018_MASWaves_field_tool.pdf,journal_article,alta,peer-reviewed,"MASW activo (herramienta open-source MASWaves para análisis completo: dispersión + inversión)","comparación con Geopsy (dispersión) y WinSASW (inversión); SASW histórico en un sitio","24 geófonos verticales GS-11D (Geospace Technologies) 4.5 Hz","activa impulsiva","sledgehammer (martillo de golpe)","lineal multicanal (24 geófonos; dx=1 m en Arnarbæli y Hella, dx=2 m en Bakkafjara; offset fuente x1=10-15 m)","campo — 3 sitios en Islandia sur: arena glaciofluvial (Arnarbæli), arena litoral moderna (Bakkafjara), arena limosa cementada (Hella)","Islandia (sur — Arnarbæli, Bakkafjara, Hella; entre 2013 y 2015)","Presentar MASWaves, software open-source MATLAB para procesamiento y análisis MASW completo. Validar el software contra Geopsy (dispersión) y WinSASW + curvas teóricas (inversión). Demostrar rendimiento en 3 sitios reales con suelos variados.","variable — típicamente 15-30 m con geófonos 4.5 Hz + fuente de martillo en arenas","Método phase-shift (Park et al. 1998) para imagen de dispersión; extracción de curva de dispersión fundamental y modos superiores; imagen 2D/3D de dispersión; bandas de incertidumbre superior/inferior","Backcálculo iterativo de curva de dispersión experimental; modelo de capas horizontales; ajuste por mínimos cuadrados (misfit); perfil Vs(z) 1D","Vs(z); curvas de dispersión experimental con incertidumbre; validación contra Geopsy y WinSASW","Inversión básica (sin análisis probabilístico de incertidumbre — esto se añade en la versión MC de 2020, paper 013). Software limitado al modo fundamental en la versión 2018. Soils son Islandeses (suelos granulares volcánicos — diferente de suelos aluviales/arcillosos de Paraguay).","MASWaves es software libre descargable en masw.hi.is (ahora uni.hi.is/eao4/) con guía de usuario y datos de muestra. Módulos: MASWaves Dispersion (phase-shift) + MASWaves Inversion (backcálculo). Resultados consistentes con Geopsy en todos los sitios de prueba. 3 sitios de campo Islandia: Vs variando desde ~100 m/s (arena suelta saturada) hasta ~300+ m/s (arena cementada). Herramienta completamente operativa y reproducible para procesamiento de datos MASW en contextos académicos con presupuesto limitado.","La referencia fundacional del toolbox MASWaves — herramienta libre MATLAB para el flujo de trabajo completo MASW (dispersión + inversión). Usar junto con paper 013 (versión Monte Carlo) para implementación práctica en la tesis. Permite procesar datos MASW sin software comercial. Guía de usuario incluida. Complementa Geopsy (paper 014 = Wathelet 2020).",alta,alta,"Extremadamente alta — software completamente gratuito (MATLAB), descargable con guía y datos de muestra. Geófonos 4.5 Hz estándar (misma freq. que hardware candidato para la tesis). Flujo de trabajo documentado paso a paso. Alternativa académica viable a SurfSeis, SeisImager, etc.","DOI: 10.1139/cgj-2016-0302 (verificado CrossRef). Can. Geotech. J. Vol.55 No.2 pp.217-233. CC BY 4.0. PDF descargado desde Opin visindi (repositorio institucional U. Iceland), 9.23 MB, 17 páginas. Companion del paper 013 (Olafsdottir et al. 2020 — versión Monte Carlo). Geófonos: GS-11D Geospace Technologies 4.5 Hz. 3 sitios Islandia entre 2013-2015. Software: masw.hi.is (ahora uni.hi.is/eao4/). Validado contra Geopsy (dispersión) y WinSASW (inversión). Paper 013 añade análisis Monte Carlo de incertidumbre sobre esta base.",descargado,original,core
